<?xml version="1.0" encoding="UTF-8" standalone="yes" ?>
<package id="manifest-0-040-d502-d9a1c9">
    <release tarname="automake1.8-1.8.5-1-mingw32-bin.tar.lzma" />
    <references>
        <sysroot id="sysroot-0-002-a7c6-d7dbb5" />
    </references>
    <manifest>
        <dir path="bin" />
        <file path="bin/aclocal-1.8" />
        <file path="bin/automake-1.8" />
        <dir path="share/aclocal-1.8" />
        <file path="share/aclocal-1.8/amversion.m4" />
        <file path="share/aclocal-1.8/as.m4" />
        <file path="share/aclocal-1.8/auxdir.m4" />
        <file path="share/aclocal-1.8/ccstdc.m4" />
        <file path="share/aclocal-1.8/cond.m4" />
        <file path="share/aclocal-1.8/depend.m4" />
        <file path="share/aclocal-1.8/depout.m4" />
        <file path="share/aclocal-1.8/dmalloc.m4" />
        <file path="share/aclocal-1.8/gcj.m4" />
        <file path="share/aclocal-1.8/header.m4" />
        <file path="share/aclocal-1.8/init.m4" />
        <file path="share/aclocal-1.8/install-sh.m4" />
        <file path="share/aclocal-1.8/lead-dot.m4" />
        <file path="share/aclocal-1.8/lex.m4" />
        <file path="share/aclocal-1.8/lispdir.m4" />
        <file path="share/aclocal-1.8/maintainer.m4" />
        <file path="share/aclocal-1.8/make.m4" />
        <file path="share/aclocal-1.8/minuso.m4" />
        <file path="share/aclocal-1.8/missing.m4" />
        <file path="share/aclocal-1.8/mkdirp.m4" />
        <file path="share/aclocal-1.8/multi.m4" />
        <file path="share/aclocal-1.8/obsol-gt.m4" />
        <file path="share/aclocal-1.8/obsol-lt.m4" />
        <file path="share/aclocal-1.8/obsolete.m4" />
        <file path="share/aclocal-1.8/options.m4" />
        <file path="share/aclocal-1.8/protos.m4" />
        <file path="share/aclocal-1.8/python.m4" />
        <file path="share/aclocal-1.8/regex.m4" />
        <file path="share/aclocal-1.8/runlog.m4" />
        <file path="share/aclocal-1.8/sanity.m4" />
        <file path="share/aclocal-1.8/strip.m4" />
        <dir path="share/automake-1.8" />
        <file path="share/automake-1.8/acinstall" />
        <dir path="share/automake-1.8/am" />
        <file path="share/automake-1.8/am/ansi2knr.am" />
        <file path="share/automake-1.8/am/check.am" />
        <file path="share/automake-1.8/am/clean-hdr.am" />
        <file path="share/automake-1.8/am/clean.am" />
        <file path="share/automake-1.8/am/compile.am" />
        <file path="share/automake-1.8/am/configure.am" />
        <file path="share/automake-1.8/am/data.am" />
        <file path="share/automake-1.8/am/dejagnu.am" />
        <file path="share/automake-1.8/am/depend.am" />
        <file path="share/automake-1.8/am/depend2.am" />
        <file path="share/automake-1.8/am/distdir.am" />
        <file path="share/automake-1.8/am/footer.am" />
        <file path="share/automake-1.8/am/header-vars.am" />
        <file path="share/automake-1.8/am/header.am" />
        <file path="share/automake-1.8/am/install.am" />
        <file path="share/automake-1.8/am/java.am" />
        <file path="share/automake-1.8/am/lang-compile.am" />
        <file path="share/automake-1.8/am/lex.am" />
        <file path="share/automake-1.8/am/library.am" />
        <file path="share/automake-1.8/am/libs.am" />
        <file path="share/automake-1.8/am/libtool.am" />
        <file path="share/automake-1.8/am/lisp.am" />
        <file path="share/automake-1.8/am/ltlib.am" />
        <file path="share/automake-1.8/am/ltlibrary.am" />
        <file path="share/automake-1.8/am/mans-vars.am" />
        <file path="share/automake-1.8/am/mans.am" />
        <file path="share/automake-1.8/am/multilib.am" />
        <file path="share/automake-1.8/am/program.am" />
        <file path="share/automake-1.8/am/progs.am" />
        <file path="share/automake-1.8/am/python.am" />
        <file path="share/automake-1.8/am/remake-hdr.am" />
        <file path="share/automake-1.8/am/scripts.am" />
        <file path="share/automake-1.8/am/subdirs.am" />
        <file path="share/automake-1.8/am/tags.am" />
        <file path="share/automake-1.8/am/texi-vers.am" />
        <file path="share/automake-1.8/am/texibuild.am" />
        <file path="share/automake-1.8/am/texinfos.am" />
        <file path="share/automake-1.8/am/yacc.am" />
        <file path="share/automake-1.8/ansi2knr.1" />
        <file path="share/automake-1.8/ansi2knr.c" />
        <dir path="share/automake-1.8/Automake" />
        <file path="share/automake-1.8/Automake/ChannelDefs.pm" />
        <file path="share/automake-1.8/Automake/Channels.pm" />
        <file path="share/automake-1.8/Automake/Condition.pm" />
        <file path="share/automake-1.8/Automake/Config.pm" />
        <file path="share/automake-1.8/Automake/Configure_ac.pm" />
        <file path="share/automake-1.8/Automake/DisjConditions.pm" />
        <file path="share/automake-1.8/Automake/FileUtils.pm" />
        <file path="share/automake-1.8/Automake/General.pm" />
        <file path="share/automake-1.8/Automake/Item.pm" />
        <file path="share/automake-1.8/Automake/ItemDef.pm" />
        <file path="share/automake-1.8/Automake/Location.pm" />
        <file path="share/automake-1.8/Automake/Options.pm" />
        <file path="share/automake-1.8/Automake/Rule.pm" />
        <file path="share/automake-1.8/Automake/RuleDef.pm" />
        <file path="share/automake-1.8/Automake/Struct.pm" />
        <file path="share/automake-1.8/Automake/VarDef.pm" />
        <file path="share/automake-1.8/Automake/Variable.pm" />
        <file path="share/automake-1.8/Automake/Version.pm" />
        <file path="share/automake-1.8/Automake/Wrap.pm" />
        <file path="share/automake-1.8/Automake/XFile.pm" />
        <file path="share/automake-1.8/compile" />
        <file path="share/automake-1.8/config-ml.in" />
        <file path="share/automake-1.8/config.guess" />
        <file path="share/automake-1.8/config.sub" />
        <file path="share/automake-1.8/COPYING" />
        <file path="share/automake-1.8/depcomp" />
        <file path="share/automake-1.8/elisp-comp" />
        <file path="share/automake-1.8/INSTALL" />
        <file path="share/automake-1.8/install-sh" />
        <file path="share/automake-1.8/mdate-sh" />
        <file path="share/automake-1.8/missing" />
        <file path="share/automake-1.8/mkinstalldirs" />
        <file path="share/automake-1.8/py-compile" />
        <file path="share/automake-1.8/symlink-tree" />
        <file path="share/automake-1.8/texinfo.tex" />
        <file path="share/automake-1.8/ylwrap" />
        <dir path="share/aclocal" />
    </manifest>
</package>
