<?xml version="1.0" encoding="UTF-8" standalone="yes" ?>
<package id="manifest-0-041-8602-782c40">
    <release tarname="libguile-1.8.7-2-msys-1.0.15-rtm.tar.lzma" />
    <references>
        <sysroot id="sysroot-0-011-664d-7cd9c6" />
    </references>
    <manifest>
        <dir path="share/guile" />
        <dir path="share/guile/1.8" />
        <file path="share/guile/1.8/guile-procedures.txt" />
        <dir path="share/guile/1.8/ice-9" />
        <file path="share/guile/1.8/ice-9/and-let-star.scm" />
        <file path="share/guile/1.8/ice-9/boot-9.scm" />
        <file path="share/guile/1.8/ice-9/buffered-input.scm" />
        <file path="share/guile/1.8/ice-9/calling.scm" />
        <file path="share/guile/1.8/ice-9/channel.scm" />
        <file path="share/guile/1.8/ice-9/common-list.scm" />
        <file path="share/guile/1.8/ice-9/debug.scm" />
        <dir path="share/guile/1.8/ice-9/debugger" />
        <file path="share/guile/1.8/ice-9/debugger/command-loop.scm" />
        <file path="share/guile/1.8/ice-9/debugger/commands.scm" />
        <file path="share/guile/1.8/ice-9/debugger/state.scm" />
        <file path="share/guile/1.8/ice-9/debugger/trc.scm" />
        <file path="share/guile/1.8/ice-9/debugger/utils.scm" />
        <file path="share/guile/1.8/ice-9/debugger.scm" />
        <dir path="share/guile/1.8/ice-9/debugging" />
        <file path="share/guile/1.8/ice-9/debugging/example-fns.scm" />
        <file path="share/guile/1.8/ice-9/debugging/ice-9-debugger-extensions.scm" />
        <file path="share/guile/1.8/ice-9/debugging/steps.scm" />
        <file path="share/guile/1.8/ice-9/debugging/trace.scm" />
        <file path="share/guile/1.8/ice-9/debugging/traps.scm" />
        <file path="share/guile/1.8/ice-9/debugging/trc.scm" />
        <file path="share/guile/1.8/ice-9/deprecated.scm" />
        <file path="share/guile/1.8/ice-9/documentation.scm" />
        <file path="share/guile/1.8/ice-9/emacs.scm" />
        <file path="share/guile/1.8/ice-9/expect.scm" />
        <file path="share/guile/1.8/ice-9/format.scm" />
        <file path="share/guile/1.8/ice-9/ftw.scm" />
        <file path="share/guile/1.8/ice-9/gap-buffer.scm" />
        <file path="share/guile/1.8/ice-9/gds-client.scm" />
        <file path="share/guile/1.8/ice-9/gds-server.scm" />
        <file path="share/guile/1.8/ice-9/getopt-long.scm" />
        <file path="share/guile/1.8/ice-9/hcons.scm" />
        <file path="share/guile/1.8/ice-9/history.scm" />
        <file path="share/guile/1.8/ice-9/lineio.scm" />
        <file path="share/guile/1.8/ice-9/list.scm" />
        <file path="share/guile/1.8/ice-9/ls.scm" />
        <file path="share/guile/1.8/ice-9/mapping.scm" />
        <file path="share/guile/1.8/ice-9/match.scm" />
        <file path="share/guile/1.8/ice-9/networking.scm" />
        <file path="share/guile/1.8/ice-9/null.scm" />
        <file path="share/guile/1.8/ice-9/occam-channel.scm" />
        <file path="share/guile/1.8/ice-9/optargs.scm" />
        <file path="share/guile/1.8/ice-9/poe.scm" />
        <file path="share/guile/1.8/ice-9/popen.scm" />
        <file path="share/guile/1.8/ice-9/posix.scm" />
        <file path="share/guile/1.8/ice-9/pretty-print.scm" />
        <file path="share/guile/1.8/ice-9/psyntax.pp" />
        <file path="share/guile/1.8/ice-9/psyntax.ss" />
        <file path="share/guile/1.8/ice-9/q.scm" />
        <file path="share/guile/1.8/ice-9/r4rs.scm" />
        <file path="share/guile/1.8/ice-9/r5rs.scm" />
        <file path="share/guile/1.8/ice-9/rdelim.scm" />
        <file path="share/guile/1.8/ice-9/readline.scm" />
        <file path="share/guile/1.8/ice-9/receive.scm" />
        <file path="share/guile/1.8/ice-9/regex.scm" />
        <file path="share/guile/1.8/ice-9/runq.scm" />
        <file path="share/guile/1.8/ice-9/rw.scm" />
        <file path="share/guile/1.8/ice-9/safe-r5rs.scm" />
        <file path="share/guile/1.8/ice-9/safe.scm" />
        <file path="share/guile/1.8/ice-9/serialize.scm" />
        <file path="share/guile/1.8/ice-9/session.scm" />
        <file path="share/guile/1.8/ice-9/slib.scm" />
        <file path="share/guile/1.8/ice-9/stack-catch.scm" />
        <file path="share/guile/1.8/ice-9/streams.scm" />
        <file path="share/guile/1.8/ice-9/string-fun.scm" />
        <file path="share/guile/1.8/ice-9/syncase.scm" />
        <file path="share/guile/1.8/ice-9/threads.scm" />
        <file path="share/guile/1.8/ice-9/time.scm" />
        <file path="share/guile/1.8/ice-9/weak-vector.scm" />
        <dir path="share/guile/1.8/lang" />
        <dir path="share/guile/1.8/lang/elisp" />
        <file path="share/guile/1.8/lang/elisp/base.scm" />
        <file path="share/guile/1.8/lang/elisp/example.el" />
        <file path="share/guile/1.8/lang/elisp/interface.scm" />
        <dir path="share/guile/1.8/lang/elisp/internals" />
        <file path="share/guile/1.8/lang/elisp/internals/evaluation.scm" />
        <file path="share/guile/1.8/lang/elisp/internals/format.scm" />
        <file path="share/guile/1.8/lang/elisp/internals/fset.scm" />
        <file path="share/guile/1.8/lang/elisp/internals/lambda.scm" />
        <file path="share/guile/1.8/lang/elisp/internals/load.scm" />
        <file path="share/guile/1.8/lang/elisp/internals/null.scm" />
        <file path="share/guile/1.8/lang/elisp/internals/set.scm" />
        <file path="share/guile/1.8/lang/elisp/internals/signal.scm" />
        <file path="share/guile/1.8/lang/elisp/internals/time.scm" />
        <file path="share/guile/1.8/lang/elisp/internals/trace.scm" />
        <dir path="share/guile/1.8/lang/elisp/primitives" />
        <file path="share/guile/1.8/lang/elisp/primitives/buffers.scm" />
        <file path="share/guile/1.8/lang/elisp/primitives/char-table.scm" />
        <file path="share/guile/1.8/lang/elisp/primitives/features.scm" />
        <file path="share/guile/1.8/lang/elisp/primitives/fns.scm" />
        <file path="share/guile/1.8/lang/elisp/primitives/format.scm" />
        <file path="share/guile/1.8/lang/elisp/primitives/guile.scm" />
        <file path="share/guile/1.8/lang/elisp/primitives/keymaps.scm" />
        <file path="share/guile/1.8/lang/elisp/primitives/lists.scm" />
        <file path="share/guile/1.8/lang/elisp/primitives/load.scm" />
        <file path="share/guile/1.8/lang/elisp/primitives/match.scm" />
        <file path="share/guile/1.8/lang/elisp/primitives/numbers.scm" />
        <file path="share/guile/1.8/lang/elisp/primitives/pure.scm" />
        <file path="share/guile/1.8/lang/elisp/primitives/read.scm" />
        <file path="share/guile/1.8/lang/elisp/primitives/signal.scm" />
        <file path="share/guile/1.8/lang/elisp/primitives/strings.scm" />
        <file path="share/guile/1.8/lang/elisp/primitives/symprop.scm" />
        <file path="share/guile/1.8/lang/elisp/primitives/syntax.scm" />
        <file path="share/guile/1.8/lang/elisp/primitives/system.scm" />
        <file path="share/guile/1.8/lang/elisp/primitives/time.scm" />
        <file path="share/guile/1.8/lang/elisp/transform.scm" />
        <file path="share/guile/1.8/lang/elisp/variables.scm" />
        <dir path="share/guile/1.8/oop" />
        <dir path="share/guile/1.8/oop/goops" />
        <file path="share/guile/1.8/oop/goops/accessors.scm" />
        <file path="share/guile/1.8/oop/goops/active-slot.scm" />
        <file path="share/guile/1.8/oop/goops/compile.scm" />
        <file path="share/guile/1.8/oop/goops/composite-slot.scm" />
        <file path="share/guile/1.8/oop/goops/describe.scm" />
        <file path="share/guile/1.8/oop/goops/dispatch.scm" />
        <file path="share/guile/1.8/oop/goops/internal.scm" />
        <file path="share/guile/1.8/oop/goops/old-define-method.scm" />
        <file path="share/guile/1.8/oop/goops/save.scm" />
        <file path="share/guile/1.8/oop/goops/simple.scm" />
        <file path="share/guile/1.8/oop/goops/stklos.scm" />
        <file path="share/guile/1.8/oop/goops/util.scm" />
        <file path="share/guile/1.8/oop/goops.scm" />
        <dir path="share/guile/1.8/scripts" />
        <file path="share/guile/1.8/scripts/api-diff" />
        <file path="share/guile/1.8/scripts/autofrisk" />
        <file path="share/guile/1.8/scripts/display-commentary" />
        <file path="share/guile/1.8/scripts/doc-snarf" />
        <file path="share/guile/1.8/scripts/frisk" />
        <file path="share/guile/1.8/scripts/generate-autoload" />
        <file path="share/guile/1.8/scripts/lint" />
        <file path="share/guile/1.8/scripts/PROGRAM" />
        <file path="share/guile/1.8/scripts/punify" />
        <file path="share/guile/1.8/scripts/read-rfc822" />
        <file path="share/guile/1.8/scripts/read-scheme-source" />
        <file path="share/guile/1.8/scripts/read-text-outline" />
        <file path="share/guile/1.8/scripts/scan-api" />
        <file path="share/guile/1.8/scripts/snarf-check-and-output-texi" />
        <file path="share/guile/1.8/scripts/snarf-guile-m4-docs" />
        <file path="share/guile/1.8/scripts/summarize-guile-TODO" />
        <file path="share/guile/1.8/scripts/use2dot" />
        <dir path="share/guile/1.8/srfi" />
        <file path="share/guile/1.8/srfi/srfi-1.scm" />
        <file path="share/guile/1.8/srfi/srfi-10.scm" />
        <file path="share/guile/1.8/srfi/srfi-11.scm" />
        <file path="share/guile/1.8/srfi/srfi-13.scm" />
        <file path="share/guile/1.8/srfi/srfi-14.scm" />
        <file path="share/guile/1.8/srfi/srfi-16.scm" />
        <file path="share/guile/1.8/srfi/srfi-17.scm" />
        <file path="share/guile/1.8/srfi/srfi-19.scm" />
        <file path="share/guile/1.8/srfi/srfi-2.scm" />
        <file path="share/guile/1.8/srfi/srfi-26.scm" />
        <file path="share/guile/1.8/srfi/srfi-31.scm" />
        <file path="share/guile/1.8/srfi/srfi-34.scm" />
        <file path="share/guile/1.8/srfi/srfi-35.scm" />
        <file path="share/guile/1.8/srfi/srfi-37.scm" />
        <file path="share/guile/1.8/srfi/srfi-39.scm" />
        <file path="share/guile/1.8/srfi/srfi-4.scm" />
        <file path="share/guile/1.8/srfi/srfi-6.scm" />
        <file path="share/guile/1.8/srfi/srfi-60.scm" />
        <file path="share/guile/1.8/srfi/srfi-69.scm" />
        <file path="share/guile/1.8/srfi/srfi-8.scm" />
        <file path="share/guile/1.8/srfi/srfi-88.scm" />
        <file path="share/guile/1.8/srfi/srfi-9.scm" />
    </manifest>
</package>
