<?xml version="1.0" encoding="UTF-8" standalone="yes" ?>
<package id="manifest-0-038-2812-07ec39">
    <release tarname="automake1.5-1.5-1-mingw32-bin.tar.lzma" />
    <references>
        <sysroot id="sysroot-0-002-a7c6-d7dbb5" />
    </references>
    <manifest>
        <dir path="bin" />
        <file path="bin/aclocal-1.5" />
        <file path="bin/automake-1.5" />
        <dir path="share/aclocal-1.5" />
        <file path="share/aclocal-1.5/amversion.m4" />
        <file path="share/aclocal-1.5/as.m4" />
        <file path="share/aclocal-1.5/auxdir.m4" />
        <file path="share/aclocal-1.5/ccstdc.m4" />
        <file path="share/aclocal-1.5/cond.m4" />
        <file path="share/aclocal-1.5/depend.m4" />
        <file path="share/aclocal-1.5/depout.m4" />
        <file path="share/aclocal-1.5/dmalloc.m4" />
        <file path="share/aclocal-1.5/error.m4" />
        <file path="share/aclocal-1.5/gcj.m4" />
        <file path="share/aclocal-1.5/header.m4" />
        <file path="share/aclocal-1.5/init.m4" />
        <file path="share/aclocal-1.5/install-sh.m4" />
        <file path="share/aclocal-1.5/lex.m4" />
        <file path="share/aclocal-1.5/lispdir.m4" />
        <file path="share/aclocal-1.5/maintainer.m4" />
        <file path="share/aclocal-1.5/make.m4" />
        <file path="share/aclocal-1.5/minuso.m4" />
        <file path="share/aclocal-1.5/missing.m4" />
        <file path="share/aclocal-1.5/multi.m4" />
        <file path="share/aclocal-1.5/obstack.m4" />
        <file path="share/aclocal-1.5/protos.m4" />
        <file path="share/aclocal-1.5/ptrdiff.m4" />
        <file path="share/aclocal-1.5/python.m4" />
        <file path="share/aclocal-1.5/regex.m4" />
        <file path="share/aclocal-1.5/sanity.m4" />
        <file path="share/aclocal-1.5/strip.m4" />
        <file path="share/aclocal-1.5/strtod.m4" />
        <file path="share/aclocal-1.5/termios.m4" />
        <file path="share/aclocal-1.5/winsz.m4" />
        <dir path="share/automake-1.5" />
        <file path="share/automake-1.5/acinstall" />
        <dir path="share/automake-1.5/am" />
        <file path="share/automake-1.5/am/ansi2knr.am" />
        <file path="share/automake-1.5/am/check.am" />
        <file path="share/automake-1.5/am/clean-hdr.am" />
        <file path="share/automake-1.5/am/clean.am" />
        <file path="share/automake-1.5/am/compile.am" />
        <file path="share/automake-1.5/am/configure.am" />
        <file path="share/automake-1.5/am/data.am" />
        <file path="share/automake-1.5/am/dejagnu.am" />
        <file path="share/automake-1.5/am/depend.am" />
        <file path="share/automake-1.5/am/depend2.am" />
        <file path="share/automake-1.5/am/distdir.am" />
        <file path="share/automake-1.5/am/footer.am" />
        <file path="share/automake-1.5/am/header-vars.am" />
        <file path="share/automake-1.5/am/header.am" />
        <file path="share/automake-1.5/am/install.am" />
        <file path="share/automake-1.5/am/java.am" />
        <file path="share/automake-1.5/am/lang-compile.am" />
        <file path="share/automake-1.5/am/lex.am" />
        <file path="share/automake-1.5/am/library.am" />
        <file path="share/automake-1.5/am/libs.am" />
        <file path="share/automake-1.5/am/libtool.am" />
        <file path="share/automake-1.5/am/lisp.am" />
        <file path="share/automake-1.5/am/ltlib.am" />
        <file path="share/automake-1.5/am/ltlibrary.am" />
        <file path="share/automake-1.5/am/mans-vars.am" />
        <file path="share/automake-1.5/am/mans.am" />
        <file path="share/automake-1.5/am/multilib.am" />
        <file path="share/automake-1.5/am/program.am" />
        <file path="share/automake-1.5/am/progs.am" />
        <file path="share/automake-1.5/am/python.am" />
        <file path="share/automake-1.5/am/remake-hdr.am" />
        <file path="share/automake-1.5/am/scripts.am" />
        <file path="share/automake-1.5/am/subdirs.am" />
        <file path="share/automake-1.5/am/tags.am" />
        <file path="share/automake-1.5/am/texi-vers.am" />
        <file path="share/automake-1.5/am/texibuild.am" />
        <file path="share/automake-1.5/am/texinfos.am" />
        <file path="share/automake-1.5/am/yacc.am" />
        <file path="share/automake-1.5/ansi2knr.1" />
        <file path="share/automake-1.5/ansi2knr.c" />
        <dir path="share/automake-1.5/Automake" />
        <file path="share/automake-1.5/Automake/Struct.pm" />
        <file path="share/automake-1.5/compile" />
        <file path="share/automake-1.5/config.guess" />
        <file path="share/automake-1.5/config.sub" />
        <file path="share/automake-1.5/COPYING" />
        <file path="share/automake-1.5/depcomp" />
        <file path="share/automake-1.5/elisp-comp" />
        <file path="share/automake-1.5/INSTALL" />
        <file path="share/automake-1.5/install-sh" />
        <file path="share/automake-1.5/mdate-sh" />
        <file path="share/automake-1.5/missing" />
        <file path="share/automake-1.5/mkinstalldirs" />
        <file path="share/automake-1.5/py-compile" />
        <file path="share/automake-1.5/texinfo.tex" />
        <file path="share/automake-1.5/ylwrap" />
        <dir path="share/aclocal" />
    </manifest>
</package>
