<?xml version="1.0" encoding="UTF-8" standalone="yes" ?>
<package id="manifest-0-036-a5f6-1f6ac2">
    <release tarname="libiconv-1.14-3-mingw32-dev.tar.lzma" />
    <references>
        <sysroot id="sysroot-0-002-a7c6-d7dbb5" />
    </references>
    <manifest>
        <dir path="include" />
        <file path="include/iconv.h" />
        <file path="include/libcharset.h" />
        <file path="include/localcharset.h" />
        <dir path="lib" />
        <file path="lib/charset.alias" />
        <file path="lib/libcharset.a" />
        <file path="lib/libcharset.dll.a" />
        <file path="lib/libiconv.a" />
        <file path="lib/libiconv.dll.a" />
        <dir path="mingw32" />
        <dir path="mingw32/include" />
        <file path="mingw32/include/iconv.h" />
        <file path="mingw32/include/libcharset.h" />
        <file path="mingw32/include/localcharset.h" />
        <dir path="mingw32/lib" />
        <file path="mingw32/lib/charset.alias" />
        <file path="mingw32/lib/libcharset.a" />
        <file path="mingw32/lib/libcharset.dll.a" />
        <file path="mingw32/lib/libiconv.a" />
        <file path="mingw32/lib/libiconv.dll.a" />
    </manifest>
</package>
