<?xml version="1.0" encoding="UTF-8" standalone="yes" ?>
<package id="manifest-0-032-c7c7-e9faa1">
    <release tarname="mingwrt-5.0.1-mingw32-dev.tar.xz" />
    <references>
        <sysroot id="sysroot-0-002-a7c6-d7dbb5" />
    </references>
    <manifest>
        <dir path="include" />
        <file path="include/limits.h" />
        <file path="include/getopt.h" />
        <file path="include/time.h" />
        <file path="include/gmon.h" />
        <file path="include/math.h" />
        <file path="include/tchar.h" />
        <file path="include/setjmp.h" />
        <file path="include/libgen.h" />
        <file path="include/unistd.h" />
        <file path="include/wchar.h" />
        <file path="include/dlfcn.h" />
        <file path="include/malloc.h" />
        <file path="include/ctype.h" />
        <file path="include/conio.h" />
        <file path="include/string.h" />
        <file path="include/dirent.h" />
        <file path="include/complex.h" />
        <file path="include/inttypes.h" />
        <file path="include/excpt.h" />
        <file path="include/mbctype.h" />
        <file path="include/fcntl.h" />
        <file path="include/msvcrtver.h" />
        <file path="include/signal.h" />
        <file path="include/wctype.h" />
        <file path="include/assert.h" />
        <file path="include/search.h" />
        <file path="include/locale.h" />
        <file path="include/values.h" />
        <dir path="include/parts" />
        <file path="include/float.h" />
        <file path="include/_mingw.h" />
        <file path="include/utime.h" />
        <dir path="include/sys" />
        <file path="include/sys/time.h" />
        <file path="include/sys/locking.h" />
        <file path="include/sys/file.h" />
        <file path="include/sys/stat.h" />
        <file path="include/sys/unistd.h" />
        <file path="include/sys/fcntl.h" />
        <file path="include/sys/types.h" />
        <file path="include/sys/timeb.h" />
        <file path="include/sys/utime.h" />
        <file path="include/sys/param.h" />
        <file path="include/direct.h" />
        <file path="include/stdint.h" />
        <file path="include/process.h" />
        <file path="include/dos.h" />
        <file path="include/fenv.h" />
        <file path="include/profil.h" />
        <file path="include/memory.h" />
        <file path="include/mbstring.h" />
        <file path="include/glob.h" />
        <file path="include/stdlib.h" />
        <file path="include/profile.h" />
        <file path="include/strings.h" />
        <file path="include/io.h" />
        <file path="include/errno.h" />
        <file path="include/dir.h" />
        <file path="include/stdio.h" />
        <file path="include/mem.h" />
        <file path="include/share.h" />
        <dir path="lib" />
        <file path="lib/crtst.o" />
        <file path="lib/libmsvcr80.a" />
        <file path="lib/CRT_fp8.o" />
        <file path="lib/libmoldname80.a" />
        <file path="lib/libmoldname90d.a" />
        <file path="lib/libmsvcr90d.a" />
        <file path="lib/gcrt2.o" />
        <file path="lib/CRT_noglob.o" />
        <file path="lib/libmoldname.a" />
        <file path="lib/libmsvcr71d.a" />
        <file path="lib/libmoldname71.a" />
        <file path="lib/crt2.o" />
        <file path="lib/libmsvcr100.a" />
        <file path="lib/libmingw32.a" />
        <file path="lib/libmsvcrt.a" />
        <file path="lib/gcrt1.o" />
        <file path="lib/libmsvcr71.a" />
        <file path="lib/libmingwthrd_old.a" />
        <file path="lib/libmsvcr70.a" />
        <file path="lib/libgmon.a" />
        <file path="lib/crt1.o" />
        <file path="lib/libmoldname71d.a" />
        <file path="lib/binmode.o" />
        <file path="lib/libmoldname90.a" />
        <file path="lib/libmsvcr70d.a" />
        <file path="lib/libmingwex.a" />
        <file path="lib/crtmt.o" />
        <file path="lib/libmsvcr100d.a" />
        <file path="lib/libmoldname100d.a" />
        <file path="lib/libmoldname100.a" />
        <file path="lib/libcrtdll.a" />
        <file path="lib/libcoldname.a" />
        <file path="lib/libmsvcrtd.a" />
        <file path="lib/dllcrt2.o" />
        <file path="lib/libmingwthrd.a" />
        <file path="lib/libm.a" />
        <file path="lib/libmoldname70.a" />
        <file path="lib/dllcrt1.o" />
        <file path="lib/CRT_fp10.o" />
        <file path="lib/libmsvcr80d.a" />
        <file path="lib/libmoldname70d.a" />
        <file path="lib/txtmode.o" />
        <file path="lib/libmsvcr90.a" />
        <file path="lib/libmoldname80d.a" />
        <file path="lib/libmoldnamed.a" />
    </manifest>
</package>
