<?xml version="1.0" encoding="UTF-8" standalone="yes" ?>
<package id="manifest-0-040-5c7a-18d2e6">
    <release tarname="openssh-5.4p1-1-msys-1.0.13-bin.tar.lzma" />
    <references>
        <sysroot id="sysroot-0-011-664d-7cd9c6" />
    </references>
    <manifest>
        <dir path="bin" />
        <file path="bin/scp.exe" />
        <file path="bin/sftp.exe" />
        <file path="bin/slogin.exe" />
        <file path="bin/ssh-add.exe" />
        <file path="bin/ssh-agent.exe" />
        <file path="bin/ssh-keygen.exe" />
        <file path="bin/ssh-keyscan.exe" />
        <file path="bin/ssh.exe" />
        <dir path="sbin" />
        <file path="sbin/ssh-keysign.exe" />
        <file path="sbin/ssh-pkcs11-helper.exe" />
        <dir path="etc" />
        <dir path="etc/ssh" />
        <file path="etc/ssh/moduli" />
        <file path="etc/ssh/ssh_config" />
        <dir path="var" />
        <dir path="var/empty" />
        <dir path="var/run" />
    </manifest>
</package>
