<?xml version="1.0" encoding="UTF-8" standalone="yes" ?>
<package id="manifest-0-038-1e7d-e8cfbd">
    <release tarname="flex-2.5.35-2-msys-1.0.13-bin.tar.lzma" />
    <references>
        <sysroot id="sysroot-0-011-664d-7cd9c6" />
    </references>
    <manifest>
        <dir path="bin" />
        <file path="bin/flex.exe" />
        <dir path="lib" />
        <file path="lib/libfl.a" />
        <file path="lib/libfl_pic.a" />
        <dir path="include" />
        <file path="include/FlexLexer.h" />
    </manifest>
</package>
